{
    "active": [
        "192.168.1.10/24"
    ],
    "inactive": {
        "ZoneGrpId": 0,
        "ZoneGrpName": "Unknown",
        "zoneCount": 1,
        "ZoneMembers": [
            {
                "ZoneId": 3,
                "ZoneName": "zone2",
                "aliasCount": 2,
                "AliasMembers": [
                    {
                        "AliasId": 5,
                        "AliasName": "alias5",
                        "Type": "Storage",
                        "IPAddress": "10.22.14.105",
                        "NQN": "nqn.1992-01.example.com:string25"
                    },
                    {
                        "AliasId": 6,
                        "AliasName": "alias6",
                        "Type": "Host",
                        "IPAddress": "10.22.14.106",
                        "NQN": "nqn.1992-01.example.com:string26"
                    }
                ]
            }
        ]
    },
    "log_severity": "INFO",
    "matched_nodes": {
        "192.168.1.10/24": {
            "hosts": [
                {
                    "name": "Host 1",
                    "nqn": "nqn.2024-01.com.host:system1",
                    "ip": "192.168.1.101"
                },
                {
                    "name": "Host 1",
                    "nqn": "nqn.2024-01.com.host:system1",
                    "ip": "192.168.1.102"
                },
                {
                    "name": "Host 2",
                    "nqn": "nqn.2024-01.com.host:system2",
                    "ip": "192.168.1.201"
                }
            ],
            "subsystems": [
                {
                    "host": "Host 1",
                    "subsystem_nqn": "nqn.2024-01.com.array1:subsys1"
                },
                {
                    "host": "Host 1",
                    "subsystem_nqn": "nqn.2024-01.com.array2:subsys1"
                },
                {
                    "host": "Host 2",
                    "subsystem_nqn": "nqn.2024-01.com.array1:subsys2"
                }
            ]
        }
    }
}