{
    "code": 200,
    "status": "OK",
    "data": {
      "count": 3,
      "entities": [
        {
          "entity_id": "1.1.4.1",
          "entity_type": "NVMe Controller",
          "entity_version": "",
          "name": "",
          "portal_count": 3,
          "portals": [
            {
              "index": 45,
              "nqn_count": 1,
              "portal_ip": "1.2.3.4",
              "node_nqns": [
                {
                  "admin_max_sq_size": 32,
                  "node_type": "NVMe DC",
                  "nqn": "nqn.nvme.test1",
                  "ip": "1.2.3.4",
                  "port_id": 53764,
                  "treq": 0,
                  "tsas": "",
                  "trsvcid": "4420"
                }
              ]
            },
            {
              "index": 46,
              "nqn_count": 2,
              "portal_ip": "5.6.7.8",
              "node_nqns": [
                {
                  "admin_max_sq_size": 32,
                  "node_type": "NVMe DC",
                  "nqn": "nqn.nvme.test2",
                  "ip": "5.6.7.8",
                  "port_id": 11798,
                  "treq": 0,
                  "tsas": "",
                  "trsvcid": "4420"
                },
                {
                  "admin_max_sq_size": 32,
                  "node_type": "NVMe DC",
                  "nqn": "nqn.nvme.test3",
                  "ip": "5.6.7.9",
                  "port_id": 21964,
                  "treq": 0,
                  "tsas": "",
                  "trsvcid": "4420"
                }
              ]
            }
          ]
        },
        {
          "entity_id": "nqn.nvme.hostnqn.entity",
          "entity_type": "NVMe Host",
          "entity_version": "vX-sample",
          "name": "sample-entity-name",
          "portal_count": 33,
          "portals": [
            {
              "index": 51,
              "nqn_count": 1,
              "portal_ip": "1.1.1.170",
              "node_nqns": [
                {
                  "admin_max_sq_size": 32,
                  "node_type": "NVMe Host",
                  "nqn": "nqn.2014-08.org.nvmexpress:uuid:host:-b8174d56-169c-2075-003d-574b2ee6bba5",
                  "ip": "1.1.1.170",
                  "port_id": 1011,
                  "treq": 0,
                  "tsas": "",
                  "trsvcid": "0244"
                }
              ]
            },
            {
              "index": 52,
              "nqn_count": 1,
              "portal_ip": "1.1.4.170",
              "node_nqns": [
                {
                  "admin_max_sq_size": 32,
                  "node_type": "NVMe Host",
                  "nqn": "nqn.2014-08.org.nvmexpress:uuid:host:-b8174d56-169c-2075-003d-574b2ee6bba5",
                  "ip": "1.1.4.170",
                  "port_id": 1011,
                  "treq": 0,
                  "tsas": "",
                  "trsvcid": "0244"
                }
              ]
            },
            {
              "index": 53,
              "nqn_count": 1,
              "portal_ip": "1.1.3.170",
              "node_nqns": [
                {
                  "admin_max_sq_size": 32,
                  "node_type": "NVMe Host",
                  "nqn": "nqn.2014-08.org.nvmexpress:uuid:host:-b8174d56-169c-2075-003d-574b2ee6bba5",
                  "ip": "1.1.3.170",
                  "port_id": 1011,
                  "treq": 0,
                  "tsas": "",
                  "trsvcid": "0244"
                }
              ]
            }
          ]
        }
      ]
    }
  }